species,obliquity,r_H,rlog,Av,Air,Zbar,Zlog
H2O,90.0,3.9811,0.6000030866277404,0.05,0.0,3088969196612126.0,15.489813577512173
