{"results": [{"species": "H2O", "obliquity": 90.0, "r_H": 3.9811, "rlog": 0.6000030866277404, "Av": 0.05, "Air": 0.0, "Zbar": 3088969196612126.0, "Zlog": 15.489813577512173}]}